agent_id,field,n_total,gold_true,gold_false,gold_null,pred_true,pred_false,pred_null,pred_coverage_non_null,strict_exact_matches,strict_exact_accuracy,n_binary,tp,fp,tn,fn,binary_accuracy,precision,recall_sensitivity,specificity,negative_predictive_value,f1,balanced_accuracy,false_positive_rate,false_negative_rate
agent_b,makes_explicit_causal_claim,175,5,166,4,32,143,0,1,144,0.8228571428571428,171,5,27,139,0,0.8421052631578947,0.15625,1,0.8373493975903614,1,0.2702702702702703,0.9186746987951807,0.16265060240963855,0
agent_c,makes_explicit_causal_claim,175,5,166,4,11,18,146,0.1657142857142857,23,0.13142857142857142,171,2,9,157,3,0.9298245614035088,0.18181818181818182,0.4,0.9457831325301205,0.98125,0.25000000000000006,0.6728915662650603,0.05421686746987952,0.6
agent_a,makes_explicit_causal_claim,175,5,166,4,7,103,65,0.6285714285714286,98,0.56,171,1,6,160,4,0.9415204678362573,0.14285714285714285,0.2,0.963855421686747,0.975609756097561,0.16666666666666666,0.5819277108433735,0.03614457831325301,0.8
agent_c,makes_implicit_causal_claim,175,33,138,4,24,4,147,0.16,25,0.14285714285714285,171,17,7,131,16,0.8654970760233918,0.7083333333333334,0.5151515151515151,0.9492753623188406,0.891156462585034,0.5964912280701754,0.7322134387351779,0.050724637681159424,0.48484848484848486
agent_a,makes_implicit_causal_claim,175,33,138,4,27,83,65,0.6285714285714286,84,0.48,171,16,11,127,17,0.8362573099415205,0.5925925925925926,0.48484848484848486,0.9202898550724637,0.8819444444444444,0.5333333333333333,0.7025691699604744,0.07971014492753623,0.5151515151515151
agent_b,makes_implicit_causal_claim,175,33,138,4,4,171,0,1,140,0.8,171,3,1,137,30,0.8187134502923976,0.75,0.09090909090909091,0.9927536231884058,0.8203592814371258,0.16216216216216214,0.5418313570487483,0.007246376811594203,0.9090909090909091
