metric,n_articles,n_events,n_journals,observed_prevalence,posterior_predictive_mean,posterior_predictive_low,posterior_predictive_high,max_rhat,min_ess_bulk,min_ess_tail,divergent_transitions,max_treedepth_transitions,convergence_pass,posterior_predictive_pass
Artigos empíricos,3970,3276,9,0.8251889168765743,0.825175314861461,0.8088035264483627,0.8420654911838791,1.005020350213018,791.5775652031139,869.2698496266249,0,0,TRUE,TRUE
Análise quantitativa,3276,1943,9,0.5931013431013431,0.5928131868131868,0.5701923076923077,0.6141788766788767,1.0041442949064283,1031.2979419820535,1516.6180693785072,0,0,TRUE,TRUE
Inferência estatística,1938,727,9,0.3751289989680083,0.37545820433436533,0.34751031991744064,0.40763673890608876,1.0028510089629252,892.0413527822666,1202.9449191636868,0,0,TRUE,TRUE
Linguagem causal ou explicativa,3276,3185,9,0.9722222222222222,0.971927960927961,0.9645909645909646,0.9792429792429792,1.0067059600038262,803.4856102416512,715.6528767139782,0,0,TRUE,TRUE
Examinados para identificação,3970,1359,9,0.34231738035264486,0.34177027707808566,0.32191435768261967,0.3592065491183879,1.002775397978603,796.3867980009605,1149.100272170927,0,0,TRUE,TRUE
Estratégia explícita de identificação,1359,59,9,0.04341427520235467,0.04433848417954378,0.03090507726269316,0.0592531272994849,1.002454010183343,1278.0384398331976,1601.5507854077432,0,0,TRUE,TRUE
