metric,n_articles,n_events,iterations_per_chain,warmup_per_chain,n_authors,n_journals,observed_prevalence,posterior_predictive_mean,posterior_predictive_low,posterior_predictive_high,max_rhat,min_ess_bulk,min_ess_tail,divergent_transitions,max_treedepth_transitions,convergence_pass,posterior_predictive_pass
Artigos empíricos,3970,3276,2000,1000,2625,9,0.8251889168765743,0.825551637279597,0.8114546599496222,0.8385516372795969,1.0100851031177782,560.7485014066039,1026.1664687637342,0,0,FALSE,TRUE
Análise quantitativa,3276,1943,4000,2000,2263,9,0.5931013431013431,0.5932417582417583,0.5775335775335775,0.6089896214896213,1.004833303149237,1028.4126838267453,2143.371726319575,0,0,TRUE,TRUE
Inferência estatística,1938,727,2000,1000,1302,9,0.3751289989680083,0.37495665634674924,0.35215428276573785,0.39655572755417956,1.0073817185509844,720.7325303454732,1262.8605601729205,0,0,TRUE,TRUE
Linguagem causal ou explicativa,3276,3185,4000,2000,2263,9,0.9722222222222222,0.9721141636141636,0.9641254578754579,0.9790979853479853,1.0056049621197294,862.0437017794476,1483.6216380979358,0,0,TRUE,TRUE
Examinados para identificação,3970,1359,2000,1000,2625,9,0.34231738035264486,0.3424428211586902,0.32744332493702777,0.3574307304785894,1.0078870499058339,649.2171931104433,1103.0478279316171,0,0,TRUE,TRUE
Estratégia explícita de identificação,1359,59,4000,2000,914,9,0.04341427520235467,0.04390581309786608,0.03090507726269316,0.0592531272994849,1.0040475985715138,1184.195095341025,1280.1977159852433,0,0,TRUE,TRUE
