metric,denominator_definition,n_articles,n_events,raw_percent_female,raw_percent_male,posterior_mean_pp,posterior_median_pp,credible_interval_95_low_pp,credible_interval_95_high_pp,posterior_probability_positive,posterior_probability_negative,posterior_probability_in_rope,posterior_probability_above_positive_rope,posterior_probability_below_negative_rope
Artigos empíricos,todos os artigos com primeiro prenome classificado,3970,3276,85.63869992441421,80.9595768794862,3.165060000664944,3.1720936868348772,0.889215465881329,5.4901676303556926,0.9955,0.0045,0.1555,0.8445,0
Análise quantitativa,artigos empíricos com classificação quantitativa observada,3276,1943,55.69285083848191,61.22258516098926,-7.147655749311117,-7.135967244774022,-12.74510810964891,-1.6761502651887745,0.005625,0.994375,0.031,7.5e-4,0.96825
Inferência estatística,artigos quantitativos com inferência observada,1938,727,29.252782193958666,41.4820473644003,-12.370651024623353,-12.345151766111483,-18.102407674348864,-6.786417809912768,0,1,2.5e-4,0,0.99975
Linguagem causal ou explicativa,artigos empíricos com linguagem observada,3276,3185,97.35216240070609,97.1535230984601,0.27444105503283434,0.27407548799239306,-0.7610219073368069,1.263234750018805,0.7115,0.2885,0.999625,3.75e-4,0
Examinados para identificação,artigos com screen observado,3970,1359,29.931972789115648,36.38080846241027,-6.292857297514361,-6.339703962644846,-9.870960863919374,-2.5338698493815963,0.001,0.999,0.0125,0,0.9875
Estratégia explícita de identificação,artigos examinados para identificação,1359,59,3.0303030303030303,4.880581516095535,-0.6703077539895071,-0.6124819239526993,-2.103711952831282,0.4855155740664383,0.121875,0.878125,0.967625,0,0.032375
