first_author_gender,n_articles,percent
Feminino,1323,31.82583593937936
Masculino,2647,63.67572768823671
Não classificado,187,4.498436372383931
