metric,difference_pp_female_minus_male,ci_95_low_pp,ci_95_high_pp,p_value_two_proportion,common_support_strata,common_odds_ratio_mh,common_or_ci_95_low,common_or_ci_95_high,p_value_mantel_haenszel,p_value_two_proportion_holm,p_value_mantel_haenszel_holm,significant_two_proportion_holm,significant_mantel_haenszel_holm
Artigos empíricos,4.679123044928005,2.269103674207468,7.089142415648536,0.00025318036096025483,25,1.3974328916559355,1.1558508751352206,1.6895074690784946,5.406179680720656e-4,0.0010127214438410193,0.0021624718722882625,TRUE,TRUE
Análise quantitativa,-5.529734322507359,-9.082487332144643,-1.976981312870061,0.00218079685503335,25,0.7758065117561114,0.6607381490390603,0.9109141716102197,0.001913898746743398,0.0065423905651000504,0.005741696240230194,TRUE,TRUE
Inferência estatística,-12.229265170441643,-16.674822073417538,-7.783708267465742,1.925942605712769e-7,22,0.5197310544097189,0.41639899241124484,0.6487056257116525,5.5159058097035095e-9,1.1555655634276613e-6,3.3095434858221054e-8,TRUE,TRUE
Linguagem causal ou explicativa,0.19863930224599358,-0.9717058586569242,1.3689844631488928,0.7421030870515382,22,1.1860863780371058,0.7601815987186171,1.8506116150884502,0.4459094376934992,0.7421030870515382,0.4459094376934992,FALSE,FALSE
Examinados para identificação,-6.4488356732946315,-9.52269042962378,-3.3749809169654763,5.42215881316678e-5,25,0.7278863192400943,0.6212137674216889,0.8528762907748695,7.918993211878604e-5,2.71107940658339e-4,3.959496605939302e-4,TRUE,TRUE
Estratégia explícita de identificação,-1.8502784857925043,-4.018776610353134,0.3182196387681253,0.12827682830320078,14,0.6444063765912665,0.33098763391148106,1.2546075310551985,0.19668774800133448,0.25655365660640156,0.39337549600266897,FALSE,FALSE
