metric,n_articles,n_events,iterations_per_chain,warmup_per_chain,n_authors,n_journals,observed_prevalence,posterior_predictive_mean,posterior_predictive_low,posterior_predictive_high,max_rhat,min_ess_bulk,min_ess_tail,divergent_transitions,max_treedepth_transitions,convergence_pass,posterior_predictive_pass
Artigos empíricos,3970,3276,2000,1000,2625,9,0.8251889168765743,0.8251471032745592,0.8103274559193955,0.8398110831234257,1.0084659242560636,467.3593288087767,923.6043323898504,0,0,TRUE,TRUE
Análise quantitativa,3276,1943,4000,2000,2263,9,0.5931013431013431,0.5924145299145299,0.5759920634920634,0.6094398656898656,1.0105059332418915,534.1839470790736,1136.5437661164906,0,0,FALSE,TRUE
Inferência estatística,1938,727,2000,1000,1302,9,0.3751289989680083,0.3746346749226006,0.3508771929824561,0.3975877192982456,1.0069937365583088,658.31954225896,1161.6169174304864,0,0,TRUE,TRUE
Linguagem causal ou explicativa,3276,3185,4000,2000,2263,9,0.9722222222222222,0.9723028083028082,0.9642857142857143,0.9798534798534798,1.0122656324263783,456.31697746420383,1016.6812516558241,0,0,FALSE,TRUE
Examinados para identificação,3970,1359,2000,1000,2625,9,0.34231738035264486,0.3424015113350126,0.32719143576826193,0.35806675062972293,1.0074574774418814,746.5223778010143,1423.1578939953138,0,0,TRUE,TRUE
Estratégia explícita de identificação,1359,59,4000,2000,914,9,0.04341427520235467,0.043926416482707877,0.03090507726269316,0.05851729212656363,1.0121975364407394,506.73765100334833,693.1800880116025,0,0,FALSE,TRUE
