team_gender_composition,n_articles,percent
Somente mulheres,892,21.45778205436613
Somente homens,2138,51.43132066394034
Mista,832,20.014433485686794
Indeterminada,295,7.096463796006736
