metric,denominator_definition,n_articles,n_events,raw_percent_female,raw_percent_male,posterior_mean_pp,posterior_median_pp,credible_interval_95_low_pp,credible_interval_95_high_pp,posterior_probability_positive,posterior_probability_negative,posterior_probability_in_rope,posterior_probability_above_positive_rope,posterior_probability_below_negative_rope
Artigos empíricos,todos os artigos com primeiro prenome classificado,3970,3276,85.63869992441421,80.9595768794862,4.232362110151678,4.216706893541001,1.9329777176073486,6.547652708830723,1,0,0.02825,0.97175,0
Análise quantitativa,artigos empíricos com classificação quantitativa observada,3276,1943,55.69285083848191,61.22258516098926,-5.1516972958774465,-5.195952447938122,-8.413563024683043,-1.8691391220654743,2.5e-4,0.99975,0.03075,0,0.96925
Inferência estatística,artigos quantitativos com inferência observada,1938,727,29.252782193958666,41.4820473644003,-12.46949101140783,-12.474218648781832,-16.63867144652816,-8.438413960634245,0,1,0,0,1
Linguagem causal ou explicativa,artigos empíricos com linguagem observada,3276,3185,97.35216240070609,97.1535230984601,0.31871064731242926,0.32913183618032704,-0.8332266689792023,1.4333124701453506,0.71525,0.28475,0.99825,0.00175,0
Examinados para identificação,artigos com screen observado,3970,1359,29.931972789115648,36.38080846241027,-5.786113827689558,-5.79711026960276,-8.60407548718465,-2.996578319748447,0,1,0.00375,0,0.99625
Estratégia explícita de identificação,artigos examinados para identificação,1359,59,3.0303030303030303,4.880581516095535,-1.5042742538270666,-1.5125719793171535,-3.5702498760548154,0.7206916337755058,0.08575,0.91425,0.67575,0.0015,0.32275
