language,n_articles,n_classified,n_unclassified,coverage_percent
en,1004,934,70,93.02788844621514
es,184,176,8,95.65217391304348
pt,2967,2858,109,96.3262554769127
fr,2,2,0,100
