metric,metric_label,cp_numerator,cp_denominator,ri_numerator,ri_denominator,cp_percent,ri_percent,difference_pp,prop_test_p,prop_test_ci_low_pp,prop_test_ci_high_pp,fisher_p,fisher_odds_ratio,prop_test_p_bh,fisher_p_bh
empirical,Artigo empírico entre todos os artigos,2529,3078,779,946,82.16374269005848,82.34672304439746,-0.18298035433898008,0.8975960864823546,-2.9636356748358086,2.5976749661578493,0.9226124373571785,0.9875447390969635,0.8975960864823546,0.9226124373571785
quantitative,Análise quantitativa entre artigos empíricos,1655,2529,269,779,65.44088572558323,34.53145057766367,30.90943514791956,8.729490193466635e-53,27.090600901901784,34.72826939393734,2.139245861298772e-52,3.5885959693388125,3.491796077386654e-52,8.556983445195088e-52
inference,Inferência estatística entre quantitativos com rótulo observado,707,1650,22,269,42.84848484848485,8.178438661710038,34.67004618677481,1.7188522030539748e-27,30.61722320663781,38.72286916691181,1.467367878544358e-32,8.410518003405603,3.4377044061079496e-27,2.934735757088716e-32
strict_causal,Estratégia causal explícita entre artigos examinados,56,1242,1,129,4.508856682769726,0.7751937984496124,3.7336628843201134,0.0431796124014267,1.8304475924376808,5.636878176202546,0.036863199694507444,6.039705898300748,0.05757281653523559,0.04915093292600992
